{
    "sources": [
        {
            "URL": "https://github.com/rfordatascience/tidytuesday",
            "author": [
                {
                    "family": "Mock",
                    "given": "Thomas"
                }
            ],
            "id": "tidytuesday",
            "issued": {
                "date-parts": [
                    [
                        2021
                    ]
                ]
            },
            "title": "Tidy tuesday: A weekly data project aimed at the r ecosystem",
            "title-short": "Tidy tuesday",
            "type": ""
        },
        {
            "DOI": "10.15407/nz2017.02.311",
            "URL": "http://dx.doi.org/10.15407/nz2017.02.311",
            "author": [
                {
                    "family": "Taras",
                    "given": "Yaroslav"
                }
            ],
            "container-title": "The Ethnology Notebooks",
            "id": "taras2017",
            "issue": "2",
            "issued": {
                "date-parts": [
                    [
                        2017,
                        4,
                        22
                    ]
                ]
            },
            "page": "311-318",
            "title": "THE WEAVING AT POKUTTIA (WILLOW WEAVING, BASKET WEAVING, BRUSH WEAVING)",
            "type": "article-journal",
            "volume": "134"
        }
    ],
    "project_biblios": []
}