{
    "sources": [
        {
            "DOI": "10.1080/09518398.2010.529849",
            "URL": "http://dx.doi.org/10.1080/09518398.2010.529849",
            "author": [
                {
                    "family": "Adams",
                    "given": "Catherine A."
                },
                {
                    "family": "Thompson",
                    "given": "Terrie Lynn"
                }
            ],
            "container-title": "International Journal of Qualitative Studies in Education",
            "id": "adams2011",
            "issue": "6",
            "issued": {
                "date-parts": [
                    [
                        2011,
                        11
                    ]
                ]
            },
            "language": "en",
            "page": "733-750",
            "title": "Interviewing objects: including educational technologies as qualitative research participants",
            "title-short": "Interviewing objects",
            "type": "article-journal",
            "volume": "24"
        }
    ],
    "project_biblios": []
}